{"Name": "AAPL", "ClosingPrice": [77.37750244140625, 68.33999633789062, 63.5724983215332, 73.44999694824219, 79.48500061035156, 91.19999694824219, 106.26000213623047, 129.0399932861328, 115.80999755859375, 108.86000061035156, 116.02999877929688, 117.33158111572266], "Volume": [2934370400.0, 3019851200.0, 6280072400.0, 3266123200.0, 1001638100.0, 3243375600.0, 3020496000.0, 4070623100.0, 3885767100.0, 2895016800.0, 1906639000.0], "LSTM": [117.16291046142578, 117.25125122070312, 117.32121276855469, 117.33158111572266, 117.2903060913086, 117.20349884033203, 117.09751892089844, 117.01178741455078, 116.95640563964844, 116.91322326660156], "LstmAccuracy": 97.88556076548998, "Arima": [116.08692468408731, 116.36327132010024, 116.58051068663833, 116.81441376649802, 117.04436170559183, 117.27596622221233, 117.50770142395712, 117.73998367714485, 117.97270083393784, 118.20588456525681, 118.43952740911709, 118.67363255445588, 118.90820029422834, 119.14323171172306, 119.37872767746593, 119.61468912218218, 119.85111696252365, 120.0880121212843, 120.32537552190354, 120.5632080899669, 120.80151075280212, 121.04028443959352, 121.27953008135569, 121.51924861094498, 121.75944096306138, 122.00010807425235, 122.24125088291657, 122.4828703293075, 122.72496735553707, 122.96754290557944, 123.21059792527451, 123.45413336233179, 123.69815016633397, 123.94264928874068, 124.18763168289217, 124.43309830401306, 124.67905010921604, 124.92548805750559, 125.17241310978177, 125.41982622884393, 125.66772837939443, 125.9161205280425, 126.16500364330788, 126.41437869562475, 126.66424665734533, 126.91460850274386, 127.16546520802025, 127.416817751304, 127.66866711265789, 127.92101427408193, 128.17386021951708, 128.42720593484924, 128.68105240791283, 128.93540062849493, 129.190251588339, 129.44560628114868, 129.70146570259183, 129.95783085030425, 130.21470272389374, 130.47208232494378], "ArimaAccuracy": 92.66028285480695}