{"Name": "AGQ", "ClosingPrice": [31.90999984741211, 26.649999618530273, 18.440000534057617, 20.190000534057617, 29.8799991607666, 29.329999923706055, 49.91999816894531, 63.5099983215332, 41.77000045776367, 42.4900016784668, 40.58000183105469, 50.68892288208008], "Volume": [7551400, 7463400, 10043200, 6145900, 9904500, 12866100, 46976900, 77309300, 45948600, 33997700, 22344200], "LSTM": [51.29375457763672, 50.90835952758789, 50.67342758178711, 50.68892288208008, 50.95101547241211, 51.43001937866211, 52.241817474365234, 53.213539123535156, 54.11539077758789, 55.04354476928711], "LstmAccuracy": 65.83534847125948, "Arima": [40.642599312887945, 40.688039197292596, 40.732536371778394, 40.77702499089838, 40.82155890573866, 40.86614126772828, 40.91077230842742, 40.95545209128832, 41.00018067013622, 41.04495809829666, 41.08978442912133, 41.13465971601825, 41.179584012453724, 41.22455737195242, 41.269579848097464, 41.314651494530494, 41.359772364951745, 41.40494251312008, 41.450161992853104, 41.49543085802717, 41.54074916257748, 41.58611696049814, 41.631534305842216, 41.67700125272184, 41.72251785530819, 41.76808416783165, 41.81370024458181, 41.85936613990755, 41.90508190821711, 41.95084760397816, 41.996663281717844, 42.04252899602286, 42.08844480153951, 42.1344107529738, 42.180426905091466, 42.226493312718056, 42.272610030738996, 42.31877711409967, 42.364994617805436, 42.41126259692175, 42.45758110657421, 42.5039502019486, 42.55036993829098, 42.59684037090774, 42.6433615551657, 42.689933546492114, 42.73655640037479, 42.78323017236212, 42.829954918063166, 42.87673069314775, 42.92355755334644, 42.970435554450724, 43.01736475231298, 43.0643452028466, 43.11137696202606, 43.158460085886915, 43.205594630525965, 43.25278065210127, 43.3000182068322, 43.347307350999536], "ArimaAccuracy": 85.39097647186865}