{"Name": "AMZN", "ClosingPrice": [2008.719970703125, 1883.75, 1949.719970703125, 2474.0, 2442.3701171875, 2758.820068359375, 3164.679931640625, 3450.9599609375, 3148.72998046875, 3036.14990234375, 3185.070068359375, 3087.581787109375], "Volume": [84698300, 92530300, 163809100, 124631900, 82612500, 87803600, 127515700, 83528700, 115930800, 116242300, 84342600], "LSTM": [3088.39111328125, 3085.4248046875, 3086.396484375, 3087.581787109375, 3087.24560546875, 3082.34423828125, 3075.90673828125, 3070.148681640625, 3068.489501953125, 3069.079833984375], "LstmAccuracy": 96.38831778071683, "Arima": [3183.7382415710626, 3192.5360992236183, 3199.867548234249, 3207.4347824651127, 3214.987744548714, 3222.563218367387, 3230.155847991135, 3237.7664684864285, 3245.3950054983393, 3253.041518391259, 3260.706046998656, 3268.3886341377406, 3276.0893223020407, 3283.8081541475854, 3291.5451724217346, 3299.300419973917, 3307.0739397543166, 3314.8657748143523, 3322.67596830686, 3330.504563486354, 3338.351603709262, 3346.2171324341625, 3354.101193222029, 3362.003829736469, 3369.9250857439656, 3377.8650051141217, 3385.823631819901, 3393.801009937873, 3401.797183648456, 3409.8121972361632, 3417.846095089846, 3425.898921702941, 3433.9707216737174, 3442.061539705521, 3450.1714206070264, 3458.3004092924793, 3466.4485507819504, 3474.6158902015823, 3482.8024727838397, 3491.00834386776, 3499.233548899204, 3507.4781334311097, 3515.7421431237403, 3524.0256237449425, 3532.3286211703944, 3540.6511813838647, 3548.993350477463, 3557.355174651899, 3565.7367002167343, 3574.1379735906426, 3582.5590413016653, 3590.999949987467, 3599.4607463955986, 3607.9414773837516, 3616.44218992002, 3624.9629310831597, 3633.5037480628494, 3642.0646881599523, 3650.6457987867775, 3659.247127467343], "ArimaAccuracy": 81.5639498925905}