{"Name": "AMZN", "ClosingPrice": [2008.719970703125, 1883.75, 1949.719970703125, 2474.0, 2442.3701171875, 2758.820068359375, 3164.679931640625, 3450.9599609375, 3148.72998046875, 3036.14990234375, 3180.52490234375, 3134.487548828125], "Volume": [84698300, 92530300, 163809100, 124631900, 82617800, 87803600, 127515700, 83528700, 115930800, 116242300, 2224502], "LSTM": [3137.89794921875, 3135.039306640625, 3136.086181640625, 3137.593017578125, 3137.990478515625, 3134.487548828125, 3129.95947265625, 3126.466064453125, 3127.09912109375, 3129.984619140625], "LstmAccuracy": 97.81070784074699, "Arima": [3179.8382967803004, 3188.5112351384414, 3195.8301916690943, 3203.3683480951036, 3210.894540771864, 3218.4427869606334, 3226.0081354094013, 3233.591361539913, 3241.1923993333207, 3248.8113065358684, 3256.448122819054, 3264.1028906237198, 3271.7756520972143, 3279.466449543747, 3287.175325358479, 3294.902322037479, 3302.647482176516, 3310.410848471523, 3318.192463718789, 3325.9923708152023, 3333.810612758487, 3341.6472326474404, 3349.5022736821684, 3357.375779164327, 3365.2677924973573, 3373.1783571867286, 3381.107516840175, 3389.0553151679374, 3397.0217959830043, 3405.0070032013537, 3413.010980842193, 3421.0337730282054, 3429.0754239857893, 3437.1359780453054, 3445.215479641318, 3453.313973312843, 3461.43150370359, 3469.568115562213, 3477.7238537425515, 3485.8987632038825, 3494.0928890111663, 3502.3062763352946, 3510.53897045334, 3518.791016748806, 3527.0624607118775, 3535.3533479396688, 3543.663724136479, 3551.993635114041, 3560.3431267917754, 3568.712245197043, 3577.1010364653994, 3585.5095468408476, 3593.9378226760955, 3602.3859104328085, 3610.8538566818675, 3619.3417081036264, 3627.8495114881666, 3636.3773137355574, 3644.9251618561134, 3653.493102970655], "ArimaAccuracy": 81.56173717464776}