{"Name": "CCAP", "ClosingPrice": [15.739999771118164, 9.649999618530273, 9.880000114440918, 12.270000457763672, 12.640000343322754, 11.699999809265137, 12.350000381469727, 12.75, 12.800000190734863, 13.721599578857422, 12.75568675994873], "Volume": [1131200.0, 1143200.0, 1033100.0, 566300.0, 912200.0, 338200.0, 291600.0, 332800.0, 420100.0, 1931.0], "LSTM": [12.844956398010254, 12.837823867797852, 12.824342727661133, 12.805831909179688, 12.782301902770996, 12.75568675994873, 12.727638244628906, 12.697827339172363, 12.666098594665527, 12.634456634521484], "LstmAccuracy": 94.38969566352016, "Arima": [13.711255831811739, 13.699500252289868, 13.687722248155826, 13.675953625812324, 13.664195105019973, 13.652446693758483, 13.6407083837173, 13.628980166220181, 13.617262032589807, 13.605553974156116, 13.593855982256501, 13.582168048235806, 13.570490163446312, 13.558822319247735, 13.547164507007224, 13.535516718099347, 13.52387894390609, 13.512251175816846, 13.500633405228417, 13.489025623544995, 13.477427822178168, 13.465839992546906, 13.454262126077555, 13.44269421420384, 13.43113624836684, 13.419588220015005, 13.408050120604127, 13.39652194159735, 13.385003674465157, 13.373495310685364, 13.361996841743116, 13.350508259130876, 13.339029554348427, 13.327560718902852, 13.316101744308545, 13.304652622087191, 13.293213343767764, 13.281783900886527, 13.27036428498701, 13.258954487620025, 13.247554500343643, 13.236164314723192, 13.224783922331254, 13.213413314747658, 13.20205248355947, 13.190701420360993, 13.179360116753752, 13.168028564346498, 13.156706754755195, 13.145394679603013, 13.134092330520328, 13.122799699144712, 13.111516777120924, 13.100243556100908, 13.088980027743789, 13.077726183715859, 13.066482015690575, 13.055247515348558, 13.044022674377578, 13.032807484472551], "ArimaAccuracy": 83.10200665545179}