{"Name": "CSCO", "ClosingPrice": [45.970001220703125, 39.93000030517578, 39.310001373291016, 42.380001068115234, 47.81999969482422, 46.63999938964844, 47.099998474121094, 42.220001220703125, 39.38999938964844, 35.900001525878906, 42.5, 41.58730697631836], "Volume": [379259100.0, 560743300.0, 991833100.0, 488985000.0, 491593600.0, 571321500.0, 390168800.0, 481468800.0, 549442800.0, 511032500.0, 489654100.0], "LSTM": [41.26044845581055, 41.447532653808594, 41.55883026123047, 41.58730697631836, 41.565147399902344, 41.47665023803711, 41.36226272583008, 41.2244987487793, 41.08778762817383, 40.955352783203125], "LstmAccuracy": 93.00189625701788, "Arima": [42.50504959749506, 42.47336214258576, 42.45343393566732, 42.42976371087282, 42.40730557771962, 42.38447615285735, 42.36178148313391, 42.33905982466248, 42.31636286295396, 42.29367407044402, 42.270998720812315, 42.248335119957396, 42.22568380071991, 42.20304458420336, 42.18041751899061, 42.15780258096556, 42.135199769251656, 42.112609075549514, 42.090030493936716, 42.06746401773572, 42.044909640514945, 42.02236735576877, 41.99983715701986, 41.97731903778641, 41.954812991592625, 41.93231901196539, 41.909837092435275, 41.88736722653629, 41.86490940780591, 41.842463629785065, 41.82002988601816, 41.79760817005306, 41.77519847544107, 41.752800795736995, 41.730415124499046, 41.70804145528892, 41.68567978167176, 41.66333009721614, 41.640992395494116, 41.61866667008116, 41.596352914556206, 41.57405112250162, 41.551761287503226, 41.529483403150266, 41.507217463035424, 41.484963460754834, 41.46272138990804, 41.44049124409804, 41.41827301693125, 41.396066702017514, 41.373872292970105, 41.351689783405725, 41.329519166944486, 41.30736043720992, 41.285213587829, 41.263078612432096, 41.240955504652995, 41.2188442581289, 41.196744866500424, 41.174657323411594], "ArimaAccuracy": 85.78882993483955}