{"Name": "FB", "ClosingPrice": [201.91000366210938, 192.47000122070312, 166.8000030517578, 204.7100067138672, 225.08999633789062, 227.07000732421875, 253.6699981689453, 293.20001220703125, 261.8999938964844, 263.1099853515625, 268.42999267578125, 267.0332336425781], "Volume": [347314600, 317576800, 649467700, 541539000, 509579200, 547998800, 517670100, 574274100, 499103600, 454125000, 20990786], "LSTM": [270.7288513183594, 270.21295166015625, 269.4890441894531, 268.77166748046875, 267.9163513183594, 267.0332336425781, 266.1905517578125, 265.5409240722656, 265.0157165527344, 264.54510498046875], "LstmAccuracy": 95.07840092040334, "Arima": [269.0621683573087, 269.3137534099273, 269.6421917301319, 269.95565162693197, 270.2725622306351, 270.58922547098535, 270.90638403451914, 271.22388939357404, 271.5417718791601, 271.8600259277129, 272.17865317997314, 272.4976538314618, 272.8170283683563, 273.1367772191182, 273.4569008244085, 273.77739962305714, 274.0982740548795, 274.4195245601118, 274.74115157952554, 275.06315555440466, 275.38553692655114, 275.7082961382847, 276.0314336324434, 276.3549498523843, 276.67884524198433, 277.0031202456403, 277.32777530827, 277.6528108753128, 277.9782273927301, 278.3040253070058, 278.63020506514727, 278.95676711468576, 279.28371190367693, 279.6110398807017, 279.93875149486666, 280.26684719580487, 280.59532743367623, 280.92419265916834, 281.2534433234969, 281.5830798784067, 281.9131027761716, 282.24351246959594, 282.57430941201454, 282.9054940572935, 283.2370668598309, 283.56902827455764, 283.90137875693733, 284.23411876296785, 284.56724874918126, 284.9007691726448, 285.2346804909613, 285.56898316227006, 285.90367764524717, 286.2387643991064, 286.5742438835997, 286.910116559018, 287.2463828861914, 287.5830433264903, 287.92009834182596, 288.25754839465077], "ArimaAccuracy": 95.13829382701572}