{"Name": "FB", "ClosingPrice": [201.91000366210938, 192.47000122070312, 166.8000030517578, 204.7100067138672, 225.08999633789062, 227.07000732421875, 253.6699981689453, 293.20001220703125, 261.8999938964844, 263.1099853515625, 275.5899963378906, 269.6708679199219], "Volume": [347314600, 317576800, 649467700, 541539000, 509565800, 547998800, 517670100, 574274100, 499103600, 454125000, 332262800], "LSTM": [271.15631103515625, 270.6696472167969, 270.1905517578125, 269.6708679199219, 269.12225341796875, 268.5636901855469, 268.07049560546875, 267.6495666503906, 267.28082275390625, 266.9034729003906], "LstmAccuracy": 95.68523332280446, "Arima": [276.2804378839107, 276.56501251171943, 276.931957636793, 277.2828451887919, 277.63751154195916, 277.99195956914485, 278.3469955322989, 278.7024576341142, 279.0583791783079, 279.41475414935275, 279.7715844569063, 280.12887041429565, 280.48661265746, 280.8448117582128, 281.2034683021854, 281.562582873119, 281.92215605603235, 282.28218843658374, 282.6426806012011, 283.0036331370571, 283.3650466320749, 283.72692167492846, 284.08925885504345, 284.45205876259837, 284.8153219885253, 285.179049124511, 285.5432407629979, 285.9078974971851, 286.2730199210291, 286.6386086292449, 287.0046642173072, 287.3711872814509, 287.7381784186725, 288.1056382267308, 288.4735673041481, 288.84196625021093, 289.2108356649712, 289.5801761492472, 289.94998830462436, 290.32027273345636, 290.69103003886636, 291.06226082474745, 291.4339656957641, 291.80614525735297, 292.17880011572385, 292.55193087786074, 292.92553815152274, 293.29962254524514, 293.6741846683404, 294.049225130899, 294.42474454379067, 294.80074351866523, 295.17722266795346, 295.5541826048685, 295.9316239434065, 296.30954729834764, 296.68795328525727, 297.0668425204869, 297.4462156211751, 297.82607320524863], "ArimaAccuracy": 95.15498458788687}