{"Name": "GOOGL", "ClosingPrice": [1432.780029296875, 1339.25, 1161.949951171875, 1346.699951171875, 1433.52001953125, 1418.050048828125, 1487.949951171875, 1629.530029296875, 1465.5999755859375, 1616.1099853515625, 1764.1300048828125, 1688.2587890625], "Volume": [33679700, 41560800, 78535800, 56214100, 36255700, 40704900, 41156300, 30730000, 41832100, 42746500, 29234600], "LSTM": [1720.4237060546875, 1708.4373779296875, 1698.6055908203125, 1688.2587890625, 1678.154296875, 1672.4334716796875, 1666.057861328125, 1657.986083984375, 1648.73095703125, 1637.3143310546875], "LstmAccuracy": 90.11684911771209, "Arima": [1766.8013901765378, 1768.7082487876387, 1770.8588646514409, 1772.9360610618755, 1775.0396106348844, 1777.1381327976862, 1779.241502400604, 1781.3466170945128, 1783.4544566167447, 1785.5647166568674, 1787.677496816395, 1789.7927696477454, 1791.9105476722248, 1794.0308308432102, 1796.153623072027, 1798.2789270296055, 1800.4067457816695, 1802.5370822743782, 1804.6699394961292, 1806.8053204266637, 1808.9432280530864, 1811.0836653648284, 1813.2266353552393, 1815.3721410210871, 1817.520185362729, 1819.6707713840556, 1821.8239020925198, 1823.9795804991265, 1826.1378096184492, 1828.2985924686254, 1830.461932071365, 1832.627831451953, 1834.7962936392535, 1836.967321665715, 1839.1409185673745, 1841.3170873838606, 1843.4958311583991, 1845.6771529378168, 1847.8610557725451, 1850.0475427166255, 1852.2366168277124, 1854.4282811670791, 1856.6225387996208, 1858.8193927938585, 1861.0188462219453, 1863.2209021596686, 1865.4255636864557, 1867.632833885377, 1869.8427158431516, 1872.0552126501507, 1874.270327400402, 1876.4880631915948, 1878.7084231250833, 1880.9314103058912, 1883.1570278427168, 1885.3852788479362, 1887.6161664376089, 1889.8496937314806, 1892.0858638529894, 1894.3246799292683], "ArimaAccuracy": 94.24292717964258}