{"Name": "GOOGL", "ClosingPrice": [1432.780029296875, 1339.25, 1161.949951171875, 1346.699951171875, 1433.52001953125, 1418.050048828125, 1487.949951171875, 1629.530029296875, 1465.5999755859375, 1616.1099853515625, 1727.56005859375, 1703.6357421875], "Volume": [33679700, 41560800, 78535800, 56214100, 36256200, 40704900, 41156300, 30730000, 41832100, 42746500, 1050691], "LSTM": [1722.1953125, 1722.9224853515625, 1719.353271484375, 1714.610595703125, 1709.5372314453125, 1703.6357421875, 1697.564453125, 1693.17138671875, 1688.9576416015625, 1684.601318359375], "LstmAccuracy": 92.89871771200704, "Arima": [1732.8425954869253, 1733.6995221759373, 1735.9516103536857, 1737.7678108339157, 1739.7238862871043, 1741.63877213105, 1743.569410909237, 1745.4978987477864, 1747.429869035979, 1749.3635533272543, 1751.299510859759, 1753.2375688801085, 1755.1777848302615, 1757.1201437653037, 1759.0646535075207, 1761.0113147229738, 1762.9601303316274, 1764.9111025481163, 1766.8642338123498, 1768.819526496864, 1770.776982998858, 1772.736605711253, 1774.698397031797, 1776.662359360207, 1778.6284950990714, 1780.5968066535684, 1782.5672964315613, 1784.53996684357, 1786.5148203027838, 1788.4918592250626, 1790.4710860289397, 1792.4525031356245, 1794.4361129690064, 1796.421917955657, 1798.4099205248328, 1800.4001231084796, 1802.3925281412337, 1804.387138060426, 1806.383955306084, 1808.382982320937, 1810.3842215504155, 1812.387675442658, 1814.3933464485115, 1816.4012370215346, 1818.4113496180023, 1820.4236866969072, 1822.438250719963, 1824.455044151608, 1826.4740694590075, 1828.495329112057, 1830.5188255833862, 1832.5445613483596, 1834.5725388850822, 1836.6027606744008, 1838.6352291999083, 1840.6699469479452, 1842.7069164076042, 1844.746140070732, 1846.7876204319334, 1848.8313599885735], "ArimaAccuracy": 95.59189183300634}