{"Name": "MOTO", "ClosingPrice": [25.6560001373291, 24.700000762939453, 19.93899917602539, 23.586000442504883, 25.305999755859375, 27.135000228881836, 29.29599952697754, 32.76100158691406, 32.263999938964844, 32.30099868774414, 38.53900146484375, 37.91328811645508], "Volume": [19900, 49900, 31900, 12500, 19000, 20600, 21100, 36800, 38300, 43500, 49200], "LSTM": [37.04010772705078, 37.35590362548828, 37.653892517089844, 37.91328811645508, 38.13164138793945, 38.321468353271484, 38.47652053833008, 38.61528778076172, 38.7386589050293, 38.86099624633789], "LstmAccuracy": 84.34414173916919, "Arima": [38.67118594831107, 38.72123453542082, 38.788183221206744, 38.85181088295195, 38.91624429750278, 38.98064142477028, 39.04517432870858, 39.10980810516126, 39.174550090591495, 39.23939900090335, 39.304355311728735, 39.369419139909255, 39.4345906758663, 39.49987009535905, 39.56525757749438, 39.630753301051776, 39.696357445234035, 39.76207018951458, 39.82789171366929, 39.89382219777049, 39.95986182218888, 40.026010767593654, 40.092269214953106, 40.158637345535105, 40.22511534090757, 40.29170338293901, 40.358401653798985, 40.42521033595861, 40.49212961219107, 40.559159665572096, 40.6263006794805, 40.693552837598645, 40.76091632391295, 40.828391322714424, 40.89597801859913, 40.96367659646871, 41.031487241530904, 41.099410139300026, 41.167445475597496, 41.235593436552335, 41.303854208601685, 41.37222797849132, 41.44071493327611, 41.50931526032064, 41.578029147299596, 41.64685678219836, 41.71579835331352, 41.78485404925333, 41.85402405893829, 41.92330857160164, 41.99270777678984, 42.06222186436317, 42.13185102449616, 42.201595447678166, 42.2714553247139, 42.341430846723895, 42.411522205145076, 42.48172959173128, 42.55205319855375, 42.62249321800169], "ArimaAccuracy": 94.04680607307603}