{"Name": "NAT", "ClosingPrice": [3.380000114440918, 3.2200000286102295, 4.53000020980835, 6.019999980926514, 4.570000171661377, 4.059999942779541, 4.550000190734863, 4.360000133514404, 3.490000009536743, 2.9100000858306885, 3.380000114440918, 3.3453750610351562], "Volume": [70510900.0, 49804600.0, 92883300.0, 407812800.0, 226241700.0, 117528300.0, 77039100.0, 78246800.0, 63766000.0, 41642000.0, 41514700.0], "LSTM": [3.30128812789917, 3.3185062408447266, 3.332805871963501, 3.3453750610351562, 3.354207992553711, 3.359478712081909, 3.3637075424194336, 3.365283727645874, 3.3684916496276855, 3.372641086578369], "LstmAccuracy": 92.48662148017885, "Arima": [3.3750296344383015, 3.3694954118761733, 3.36398338100755, 3.3584800657437994, 3.352985760561363, 3.347500443628024, 3.3420241004023747, 3.3365567162001377, 3.3310982763648838, 3.325648766264074, 3.3202081712891105, 3.3147764768552928, 3.3093536684017812, 3.303939731391557, 3.2985346513113822, 3.2931384136717625, 3.2877510040069082, 3.2823724078746936, 3.277002610856621, 3.271641598557779, 3.2662893566068076, 3.260945870655856, 3.2556111263805456, 3.250285109479934, 3.2449678056764713, 3.239659200715968, 3.234359280367551, 3.22906803042363, 3.2237854366998575, 3.21851148503509, 3.2132461612913517, 3.207989451353795, 3.2027413411306647, 3.1975018165532574, 3.1922708635758874, 3.187048468175845, 3.1818346163533624, 3.176629294131574, 3.17143248755648, 3.166244182696908, 3.1610643656444775, 3.1558930225135606, 3.1507301394412455, 3.1455757025873, 3.140429698134133, 3.1352921122867587, 3.13016293127276, 3.125042141342249, 3.119929728767834, 3.1148256798445795, 3.10972998088997, 3.104642618243875, 3.0995635782685107, 3.0944928473484046, 3.089430411890358, 3.0843762583234096, 3.0793303730988004, 3.074292742689936, 3.069263353592351, 3.064242192323672], "ArimaAccuracy": 88.63446190459821}