{"Name": "SCC", "ClosingPrice": [25.81999969482422, 30.420000076293945, 33.79999923706055, 24.139999389648438, 21.68000030517578, 20.15999984741211, 17.100000381469727, 14.180000305175781, 15.020000457763672, 15.850000381469727, 12.65999984741211, 12.255819320678711], "Volume": [10400.0, 48900.0, 292300.0, 214100.0, 123300.0, 63500.0, 56700.0, 58200.0, 28700.0, 10600.0, 22500.0], "LSTM": [12.516508102416992, 12.410876274108887, 12.332915306091309, 12.255819320678711, 12.162717819213867, 12.048240661621094, 11.915494918823242, 11.776897430419922, 11.638630867004395, 11.504149436950684], "LstmAccuracy": 72.45272592460189, "Arima": [12.629793816743216, 12.589259892537632, 12.549585609380483, 12.509985155615295, 12.470513255165262, 12.431165645521528, 12.391942205192862, 12.352842523397781, 12.313866210980263, 12.275012878585459, 12.236282138187159, 12.197673602976439, 12.159186887365356, 12.12082160698256, 12.082577378669486, 12.04445382047653, 12.006450551659238, 11.9685671926745, 11.930803365176756, 11.893158692014223, 11.855632797225127, 11.818225306033948, 11.780935844847674, 11.743764041252076, 11.706709524007982, 11.669771923047573, 11.63295086947069, 11.596245995541144, 11.559656934683044, 11.523183321477141, 11.486824791657174, 11.45058098210623, 11.414451530853128, 11.378436077068791, 11.34253426106265, 11.30674572427905, 11.271070109293667, 11.235507059809944, 11.200056220655526, 11.164717237778715, 11.12948975824494, 11.094373430233219, 11.05936790303266, 11.024472827038949, 10.98968785375086, 10.95501263576678, 10.92044682678123, 10.885990081581415, 10.85164205604377, 10.81740240713053, 10.783270792886295, 10.749246872434625, 10.715330305974629, 10.68152075477757, 10.647817881183485, 10.614221348597821, 10.580730821488055, 10.547345965380357, 10.514066446856248, 10.480891933549266], "ArimaAccuracy": 96.15518660548463}