{"Name": "TSLA", "ClosingPrice": [130.11399841308594, 133.59800720214844, 104.80000305175781, 156.37600708007812, 167.0, 215.96200561523438, 286.1520080566406, 498.32000732421875, 429.010009765625, 388.0400085449219, 555.3800048828125, 457.4765625], "Volume": [2036092500.0, 2365483000.0, 2104675000.0, 514408800.0, 427656700.0, 1278863500.0, 1893612000.0, 1557876400.0, 1736563100.0, 833832100.0, 53648494.0], "LSTM": [438.3045959472656, 442.41925048828125, 446.5866394042969, 451.0718078613281, 454.8018798828125, 457.4765625, 459.70391845703125, 461.0920104980469, 462.2894592285156, 463.3637390136719], "LstmAccuracy": 93.03051579002204, "Arima": [560.3137775902147, 564.989662869655, 569.701529721723, 574.4526616950593, 579.2434163094957, 584.0741243082929, 588.9451188931685, 593.8567360416162, 598.8093145330465, 603.8031959721832, 608.8387248126259, 613.916248380609, 619.0361168989588, 624.1986835112494, 629.4043043061616, 634.6533383420439, 639.9461476716782, 645.2830973672532, 650.6645555455445, 656.0908933933065, 661.5624851928735, 667.0797083479778, 672.6429434097795, 678.2525741031159, 683.9089873529691, 689.6125733111535, 695.3637253832273, 701.1628402556273, 707.0103179230304, 712.9065617159433, 718.8519783285226, 724.846977846626, 730.8919737760988, 736.9873830712943, 743.1336261638348, 749.3311269916097, 755.5803130280174, 761.8816153114498, 768.2354684750237, 774.6423107765593, 781.1025841288094, 787.6167341299401, 794.1852100942664, 800.8084650832428, 807.4869559367147, 814.2211433044278, 821.0114916778017, 827.8584694219687, 834.762548808079, 841.7242060458757, 848.7439213165414, 855.8221788058191, 862.9594667374083, 870.1562774066407, 877.4131072144368, 884.7304567015439, 892.1088305830626, 899.5487377832583, 907.0506914706649, 914.6152090934806], "ArimaAccuracy": 65.95228620151028}