{"Name": "TSLA", "ClosingPrice": [130.11399841308594, 133.59800720214844, 104.80000305175781, 156.37600708007812, 167.0, 215.96200561523438, 286.1520080566406, 498.32000732421875, 429.010009765625, 388.0400085449219, 574.0, 452.3273620605469], "Volume": [2036092500.0, 2365483000.0, 2104675000.0, 514408800.0, 395284000.0, 1278863500.0, 1893612000.0, 1557876400.0, 1736563100.0, 833832100.0, 681690800.0], "LSTM": [437.4412841796875, 442.1530456542969, 447.49749755859375, 452.3273620605469, 456.1996765136719, 459.510498046875, 461.81298828125, 463.6356201171875, 465.0245361328125, 466.08868408203125], "LstmAccuracy": 92.90724835504511, "Arima": [579.0149162507572, 583.9080163716441, 588.8405157877239, 593.8146589716548, 598.8308202238229, 603.8893547509405, 608.9906204980875, 614.1349784309442, 619.3227925643573, 624.554429988135, 629.8302608930221, 635.1506585968951, 640.5159995711775, 645.9266634674797, 651.3830331444622, 656.8854946949278, 662.4344374731409, 668.030254122378, 673.6733406027115, 679.364096219028, 685.102923649283, 690.8902289729937, 696.7264216999744, 702.6119147993124, 708.5471247285905, 714.5324714633548, 720.5683785268326, 726.6552730199011, 732.7935856513085, 738.9837507681515, 745.2262063866092, 751.5213942229375, 757.8697597247251, 764.2717521024128, 770.7278243610801, 777.2384333324998, 783.8040397074632, 790.4251080683787, 797.1021069221458, 803.8355087333065, 810.6257899574769, 817.4734310750613, 824.3789166252509, 831.3427352403099, 838.3653796801509, 845.4473468672031, 852.5891379215738, 859.7912581965084, 867.0542173141487, 874.378529201594, 881.7647121272666, 889.2132887375845, 896.7247860939434, 904.2997357100123, 911.9386735893431, 919.642140263298, 927.4106808292978, 935.2448449893928, 943.1451870891602, 951.1122661569289], "ArimaAccuracy": 75.26897266160698}