{"Name": "TSLA", "ClosingPrice": [130.11399841308594, 133.59800720214844, 104.80000305175781, 156.37600708007812, 167.0, 215.96200561523438, 286.1520080566406, 498.32000732421875, 429.010009765625, 388.0400085449219, 521.489990234375, 463.40081787109375], "Volume": [2036092500.0, 2365483000.0, 2104675000.0, 514408800.0, 427646100.0, 1278863500.0, 1893612000.0, 1557876400.0, 1736563100.0, 833832100.0, 50260304.0], "LSTM": [448.38446044921875, 450.6257629394531, 453.67926025390625, 456.76458740234375, 460.3273010253906, 463.40081787109375, 465.72998046875, 467.9139709472656, 469.5167541503906, 471.1299133300781], "LstmAccuracy": 90.84453838344217, "Arima": [526.2546622206244, 530.5177576388068, 534.8142911576385, 539.1456145238753, 543.5120161225849, 547.9137800840239, 552.351192799118, 556.8245429779518, 561.3341216687961, 565.8802222770477, 570.4631405843176, 575.0831747676762, 579.7406254190533, 584.4357955647954, 589.1689906853812, 593.9405187352975, 598.7506901630749, 603.5998179314869, 608.4882175379122, 613.4162070348614, 618.3841070506703, 623.3922408103615, 628.4409341566737, 633.5305155712622, 638.6613161960704, 643.8336698548753, 649.0479130750069, 654.3043851092433, 659.6034279578836, 664.945386390999, 670.3306079708655, 675.7594430745759, 681.232244916837, 686.749369572951, 692.3111760019818, 697.9180260701111, 703.570284574181, 709.2683192654296, 715.0125008734178, 720.8032031301497, 726.6408027943885, 732.5256796761703, 738.4582166615143, 744.4387997373352, 750.4678180165567, 756.5456637634278, 762.6727324190443, 768.8494226270784, 775.0761362597144, 781.3532784437958, 787.6812575871847, 794.060485405333, 800.4913769480703, 806.9743506266077, 813.5098282407613, 820.0982350063953, 826.7399995830878, 833.4355541020203, 840.1853341940938, 846.9897790182719], "ArimaAccuracy": 78.77372629672281}